{
  "ClientId": "100001",
  "LicenseKey": null,
  "KnowledgeDb": "Oracle",
  "KnowledgeDbConnection": "Con1",
  "LogDb": "MongoDB",
  "LogDbConnection": "Con2",
  "ClientShortCode": "OCL",
  "DbAttachment": "N",
  "CacheMemory": "Redis",
  "ClientRights": {
    "NumberOfArticle": "100",
    "Property1": "123",
    "Property2": "123",
    "Property3": "123",
    "ClientId": "100001"
  },
  "Features": [
    {
      "FeatureCode": "F003",
      "FeatureName": null,
      "ShortCode": null
    },
    {
      "FeatureCode": "F111",
      "FeatureName": null,
      "ShortCode": null
    }
  ],
  "Languages": [
    {
      "LanguageCode": null,
      "LanguageName": null,
      "LanguageShortCode": null,
      "IsDefault": null
    },
    {
      "LanguageCode": null,
      "LanguageName": null,
      "LanguageShortCode": null,
      "IsDefault": null
    }
  ]
}
