﻿[
  {
    "Name": "user_name",
    "Order": "0"
  },
  {
    "Name": "user_password",
    "Order": "1"
  },
  {
    "Name": "first_name",
    "Order": "2"
  },
  {
    "Name": "last_name",
    "Order": "3"
  },
  {
    "Name": "email",
    "Order": "4"
  },
  {
    "Name": "location",
    "Order": "5"
  },
  {
    "Name": "role_type",
    "Order": "6"
  },
  {
    "Name": "reporting_to",
    "Order": "7"
  },
  {
    "Name": "req_username",
    "Order": "8"
  },
  {
    "Name": "req_pwd",
    "Order": "9"
  },
  {
    "Name": "Portals",
    "Order": "10"
  },

  {
    "Name": "param1",
    "Order": "11"
  },
  {
    "Name": "param2",
    "Order": "12"
  },
  {
    "Name": "param3",
    "Order": "13"
  },
  {
    "Name": "param4",
    "Order": "14"
  },
  {
    "Name": "param5",
    "Order": "15"
  }
]
